dataset_type,variable_x,variable_y,valid_pair_count,correlation_method,correlation_value,interpretation_status
phase1_initial_characterization.csv,original_sample,initial_moisture_content,126,pearson,0.5390859745330623,calculated
phase1_storage_assessment.csv,original_sample,storage_duration,35,pearson,0.035769528261942254,calculated
phase1_storage_assessment.csv,original_sample,L_star,35,pearson,0.22955450650876522,calculated
phase1_storage_assessment.csv,original_sample,a_star,35,pearson,-0.26937102814222563,calculated
phase1_storage_assessment.csv,original_sample,b_star,35,pearson,-0.08642959431856649,calculated
phase1_storage_assessment.csv,original_sample,storage_hardness,35,pearson,0.01369828181541431,calculated
phase1_storage_assessment.csv,original_sample,storage_moisture_content,35,pearson,0.06063479563791159,calculated
phase1_storage_assessment.csv,original_sample,storage_water_activity,35,pearson,0.011776572755703167,calculated
phase1_storage_assessment.csv,original_sample,sensory_quality,35,pearson,-0.19177067529253888,calculated
phase1_storage_assessment.csv,storage_duration,L_star,35,pearson,0.14494506516494124,calculated
phase1_storage_assessment.csv,storage_duration,a_star,35,pearson,-0.5542716838181624,calculated
phase1_storage_assessment.csv,storage_duration,b_star,35,pearson,-0.481127763089656,calculated
phase1_storage_assessment.csv,storage_duration,storage_hardness,35,pearson,0.9758979425068638,calculated
phase1_storage_assessment.csv,storage_duration,storage_moisture_content,35,pearson,0.9696313235662691,calculated
phase1_storage_assessment.csv,storage_duration,storage_water_activity,35,pearson,0.9908115210393347,calculated
phase1_storage_assessment.csv,storage_duration,sensory_quality,35,pearson,-0.8607457238229017,calculated
phase1_storage_assessment.csv,L_star,a_star,35,pearson,-0.7648520703552475,calculated
phase1_storage_assessment.csv,L_star,b_star,35,pearson,-0.22334344195601707,calculated
phase1_storage_assessment.csv,L_star,storage_hardness,35,pearson,-0.012512187404782028,calculated
phase1_storage_assessment.csv,L_star,storage_moisture_content,35,pearson,0.16289254213257987,calculated
phase1_storage_assessment.csv,L_star,storage_water_activity,35,pearson,0.01914361262811851,calculated
phase1_storage_assessment.csv,L_star,sensory_quality,35,pearson,-0.4066769622326211,calculated
phase1_storage_assessment.csv,a_star,b_star,35,pearson,0.6589129914061147,calculated
phase1_storage_assessment.csv,a_star,storage_hardness,35,pearson,-0.43781180247029494,calculated
phase1_storage_assessment.csv,a_star,storage_moisture_content,35,pearson,-0.49729589952258285,calculated
phase1_storage_assessment.csv,a_star,storage_water_activity,35,pearson,-0.45896058763576525,calculated
phase1_storage_assessment.csv,a_star,sensory_quality,35,pearson,0.7813100297520926,calculated
phase1_storage_assessment.csv,b_star,storage_hardness,35,pearson,-0.4462335046518458,calculated
phase1_storage_assessment.csv,b_star,storage_moisture_content,35,pearson,-0.38138412326753,calculated
phase1_storage_assessment.csv,b_star,storage_water_activity,35,pearson,-0.46245824700284616,calculated
phase1_storage_assessment.csv,b_star,sensory_quality,35,pearson,0.6748962901924208,calculated
phase1_storage_assessment.csv,storage_hardness,storage_moisture_content,35,pearson,0.9376420383655412,calculated
phase1_storage_assessment.csv,storage_hardness,storage_water_activity,35,pearson,0.9872230380718238,calculated
phase1_storage_assessment.csv,storage_hardness,sensory_quality,35,pearson,-0.8088062841778447,calculated
phase1_storage_assessment.csv,storage_moisture_content,storage_water_activity,35,pearson,0.9568134019557494,calculated
phase1_storage_assessment.csv,storage_moisture_content,sensory_quality,35,pearson,-0.8024773134097852,calculated
phase1_storage_assessment.csv,storage_water_activity,sensory_quality,35,pearson,-0.8155462733746954,calculated
phase1_water_adsorption.csv,storage_temperature,adsorption_water_activity,2452,pearson,0.0019144128898450435,calculated
phase1_water_adsorption.csv,storage_temperature,adsorption_moisture_content,2452,pearson,-0.14669426339345226,calculated
phase1_water_adsorption.csv,adsorption_water_activity,adsorption_moisture_content,2452,pearson,0.9646270426210555,calculated
