dataset_type,variable,observation_count,missing_count,missing_percentage,unique_count,mean,median,standard_deviation,minimum,maximum,outlier_candidate_count
phase1_initial_characterization.csv,source_archive,126,0,0.0,2,,,,,,0
phase1_initial_characterization.csv,source_archive_path,126,0,0.0,2,,,,,,0
phase1_initial_characterization.csv,source_dataset,126,0,0.0,2,,,,,,0
phase1_initial_characterization.csv,source_file,126,0,0.0,1,,,,,,0
phase1_initial_characterization.csv,source_sheet,126,0,0.0,1,,,,,,0
phase1_initial_characterization.csv,source_row,126,0,0.0,81,35.57142857142857,33.0,22.134652857970398,2,82,0
phase1_initial_characterization.csv,record_id,126,0,0.0,126,,,,,,0
phase1_initial_characterization.csv,dataset_type,126,0,0.0,1,,,,,,0
phase1_initial_characterization.csv,original_sample,126,0,0.0,27,10.785714285714286,8.0,7.7754558892526875,1,27,0
phase1_initial_characterization.csv,replicate_id,126,0,0.0,5,2.357142857142857,2.0,1.176192404085561,1,5,0
phase1_initial_characterization.csv,initial_moisture_content,126,0,0.0,126,2.7664647663253286,3.135428164208615,0.593438205276884,1.4175257731958633,3.35122610068254,0
phase1_storage_assessment.csv,source_archive,35,0,0.0,1,,,,,,0
phase1_storage_assessment.csv,source_archive_path,35,0,0.0,1,,,,,,0
phase1_storage_assessment.csv,source_dataset,35,0,0.0,1,,,,,,0
phase1_storage_assessment.csv,source_file,35,0,0.0,1,,,,,,0
phase1_storage_assessment.csv,source_sheet,35,0,0.0,1,,,,,,0
phase1_storage_assessment.csv,source_row,35,0,0.0,35,20.0,20.0,10.246950765959598,3,37,0
phase1_storage_assessment.csv,record_id,35,0,0.0,35,,,,,,0
phase1_storage_assessment.csv,dataset_type,35,0,0.0,1,,,,,,0
phase1_storage_assessment.csv,original_sample,35,0,0.0,35,18.0,18.0,10.246950765959598,1,35,0
phase1_storage_assessment.csv,storage_duration,35,0,0.0,5,14.0,15.0,10.832956252864248,0,30,0
phase1_storage_assessment.csv,L_star,35,0,0.0,35,74.96273514426476,75.1749108205307,0.4433617481813235,74.1461617999033,75.5822000055303,0
phase1_storage_assessment.csv,a_star,35,0,0.0,35,1.6371142840629818,1.74420827815843,0.4509396618046596,0.870262839873231,2.35815498280031,0
phase1_storage_assessment.csv,b_star,35,0,0.0,35,44.09589677100782,44.1087102818511,0.31095090112800283,43.5351236914639,44.7920173687734,0
phase1_storage_assessment.csv,storage_hardness,35,0,0.0,35,2569.326785403755,2735.88266014743,509.8849533308051,1758.63454752542,3334.52160181332,0
phase1_storage_assessment.csv,storage_moisture_content,35,0,0.0,35,4.027289402850193,4.06448890871635,0.7070143365573613,3.04707496583279,5.40475065420511,0
phase1_storage_assessment.csv,storage_water_activity,35,0,0.0,35,0.21622146646301268,0.237588489517853,0.08081351995257316,0.0971602015874122,0.335889011977177,0
phase1_storage_assessment.csv,sensory_quality,35,0,0.0,35,7.279991867683658,7.47613968659851,0.5351704998690023,6.29909455252341,8.07295225338246,0
phase1_water_adsorption.csv,source_archive,2452,0,0.0,2,,,,,,0
phase1_water_adsorption.csv,source_archive_path,2452,0,0.0,2,,,,,,0
phase1_water_adsorption.csv,source_dataset,2452,0,0.0,2,,,,,,0
phase1_water_adsorption.csv,source_file,2452,0,0.0,1,,,,,,0
phase1_water_adsorption.csv,source_sheet,2452,0,0.0,1,,,,,,0
phase1_water_adsorption.csv,source_row,2452,0,0.0,1763,732.1056280587276,614.5,505.6816727531645,2,1764,0
phase1_water_adsorption.csv,record_id,2452,0,0.0,2452,,,,,,0
phase1_water_adsorption.csv,dataset_type,2452,0,0.0,1,,,,,,0
phase1_water_adsorption.csv,replicate_id,2452,0,0.0,9,3.9702283849918434,3.0,2.577626064612469,1,9,0
phase1_water_adsorption.csv,storage_temperature,2452,0,0.0,3,35.51386623164763,35.0,8.20863524552613,25,45,0
phase1_water_adsorption.csv,adsorption_water_activity,2452,0,0.0,837,0.45355163132137033,0.45405,0.2054415308648032,0.097,0.805,0
phase1_water_adsorption.csv,adsorption_moisture_content,2452,0,0.0,971,4.110059707610585,3.76685267857143,1.9850836247243717,1.1399999999999997,9.44875,0
