source_archive,source_archive_path,source_dataset,source_file,source_sheet,source_row,record_id,dataset_type,original_sample,replicate_id,initial_moisture_content
storage.zip,raw_data\phase1_biscuit\achira_storage\storage.zip,achira_storage,Initial characterization_Achira biscuits.xlsx,Sheet1,2,10d661b7ffba498c96e1b7d67707789a,Initial Characterization,1,1,3.22186856157885
storage.zip,raw_data\phase1_biscuit\achira_storage\storage.zip,achira_storage,Initial characterization_Achira biscuits.xlsx,Sheet1,3,d083a712d64d464b37db41fe42d65806,Initial Characterization,1,2,3.14173007053113
storage.zip,raw_data\phase1_biscuit\achira_storage\storage.zip,achira_storage,Initial characterization_Achira biscuits.xlsx,Sheet1,4,235422dd05260ec1486bbacf623bc3ee,Initial Characterization,1,3,3.20877552547408
storage.zip,raw_data\phase1_biscuit\achira_storage\storage.zip,achira_storage,Initial characterization_Achira biscuits.xlsx,Sheet1,5,69e3c0b6fddcb60bd8b99febbb70c53f,Initial Characterization,2,1,3.2146927908139
storage.zip,raw_data\phase1_biscuit\achira_storage\storage.zip,achira_storage,Initial characterization_Achira biscuits.xlsx,Sheet1,6,47a0f497fd63fde5fa151adbfa200b66,Initial Characterization,2,2,3.18007145766865
storage.zip,raw_data\phase1_biscuit\achira_storage\storage.zip,achira_storage,Initial characterization_Achira biscuits.xlsx,Sheet1,7,fe6f287b5ad3ca669cff6c09de2467a9,Initial Characterization,2,3,3.07246312335726
storage.zip,raw_data\phase1_biscuit\achira_storage\storage.zip,achira_storage,Initial characterization_Achira biscuits.xlsx,Sheet1,8,4cf39f1cc37802cf9184f005741e6cde,Initial Characterization,3,1,3.33896341199743
storage.zip,raw_data\phase1_biscuit\achira_storage\storage.zip,achira_storage,Initial characterization_Achira biscuits.xlsx,Sheet1,9,e2a87e25759fceb22461203b889a4d4b,Initial Characterization,3,2,3.04942270242798
storage.zip,raw_data\phase1_biscuit\achira_storage\storage.zip,achira_storage,Initial characterization_Achira biscuits.xlsx,Sheet1,10,1ffd1dc16761a757d6049cc32abbdd11,Initial Characterization,3,3,3.1339186997871
storage.zip,raw_data\phase1_biscuit\achira_storage\storage.zip,achira_storage,Initial characterization_Achira biscuits.xlsx,Sheet1,11,10d713c6a0f0c1ac14e64fdc1e6c927a,Initial Characterization,4,1,3.20470925619488
storage.zip,raw_data\phase1_biscuit\achira_storage\storage.zip,achira_storage,Initial characterization_Achira biscuits.xlsx,Sheet1,12,974b3dc797c70e4108c2128c54a0a1cd,Initial Characterization,4,2,3.25247233804441
storage.zip,raw_data\phase1_biscuit\achira_storage\storage.zip,achira_storage,Initial characterization_Achira biscuits.xlsx,Sheet1,13,3a96de5ca87804dcea45f1bf1f9db89e,Initial Characterization,4,3,3.27169962865551
storage.zip,raw_data\phase1_biscuit\achira_storage\storage.zip,achira_storage,Initial characterization_Achira biscuits.xlsx,Sheet1,14,7ff2d2021e691250e6dabedaaa33056a,Initial Characterization,5,1,3.27158293559173
storage.zip,raw_data\phase1_biscuit\achira_storage\storage.zip,achira_storage,Initial characterization_Achira biscuits.xlsx,Sheet1,15,c24bd9fbb772a6fb0c5fe643579bd354,Initial Characterization,5,2,3.18805395937692
storage.zip,raw_data\phase1_biscuit\achira_storage\storage.zip,achira_storage,Initial characterization_Achira biscuits.xlsx,Sheet1,16,69a8955a32b97aff8a0dd5298404d8f1,Initial Characterization,5,3,3.02412447059877
storage.zip,raw_data\phase1_biscuit\achira_storage\storage.zip,achira_storage,Initial characterization_Achira biscuits.xlsx,Sheet1,17,aa1946d1232a689e423cf7243b2152de,Initial Characterization,6,1,3.14728039668738
storage.zip,raw_data\phase1_biscuit\achira_storage\storage.zip,achira_storage,Initial characterization_Achira biscuits.xlsx,Sheet1,18,6e52d50ce3765bedccb6219caaf74afd,Initial Characterization,6,2,3.31319528845769
storage.zip,raw_data\phase1_biscuit\achira_storage\storage.zip,achira_storage,Initial characterization_Achira biscuits.xlsx,Sheet1,19,c3711266a70544e63ee56482643a4771,Initial Characterization,6,3,3.16102686027877
storage.zip,raw_data\phase1_biscuit\achira_storage\storage.zip,achira_storage,Initial characterization_Achira biscuits.xlsx,Sheet1,20,d5190d175d88ab3e74f196ec4465966e,Initial Characterization,7,1,3.25329972860975
storage.zip,raw_data\phase1_biscuit\achira_storage\storage.zip,achira_storage,Initial characterization_Achira biscuits.xlsx,Sheet1,21,14a2b437f65bc94867ae19e79f1f49dd,Initial Characterization,7,2,3.17057334450174
storage.zip,raw_data\phase1_biscuit\achira_storage\storage.zip,achira_storage,Initial characterization_Achira biscuits.xlsx,Sheet1,22,230da4f8975872d7eb40afc4b5918d1e,Initial Characterization,7,3,3.29587841380277
storage.zip,raw_data\phase1_biscuit\achira_storage\storage.zip,achira_storage,Initial characterization_Achira biscuits.xlsx,Sheet1,23,8e843a32b6499b7caab38df77d95ed7b,Initial Characterization,8,1,3.27960412652865
storage.zip,raw_data\phase1_biscuit\achira_storage\storage.zip,achira_storage,Initial characterization_Achira biscuits.xlsx,Sheet1,24,9e31de45a4813ff61a297e11a0017031,Initial Characterization,8,2,3.01564058621471
storage.zip,raw_data\phase1_biscuit\achira_storage\storage.zip,achira_storage,Initial characterization_Achira biscuits.xlsx,Sheet1,25,8382b181e4c1c7e665ad1c0a396ef8f7,Initial Characterization,8,3,3.19658512076524
storage.zip,raw_data\phase1_biscuit\achira_storage\storage.zip,achira_storage,Initial characterization_Achira biscuits.xlsx,Sheet1,26,8fb5c517f11baeb627daa9425298152a,Initial Characterization,9,1,3.21182621697966
storage.zip,raw_data\phase1_biscuit\achira_storage\storage.zip,achira_storage,Initial characterization_Achira biscuits.xlsx,Sheet1,27,e39cdb39a2e8bab747747c4462c63887,Initial Characterization,9,2,3.05661384760583
storage.zip,raw_data\phase1_biscuit\achira_storage\storage.zip,achira_storage,Initial characterization_Achira biscuits.xlsx,Sheet1,28,a6340fefa5e40342beed668afedd63ba,Initial Characterization,9,3,3.30395210569251
storage.zip,raw_data\phase1_biscuit\achira_storage\storage.zip,achira_storage,Initial characterization_Achira biscuits.xlsx,Sheet1,29,a3358c4b6ba628ea343aed7af082e2d5,Initial Characterization,10,1,3.1899461251489
storage.zip,raw_data\phase1_biscuit\achira_storage\storage.zip,achira_storage,Initial characterization_Achira biscuits.xlsx,Sheet1,30,c8194df22bdc85e6c69db9112b9b9763,Initial Characterization,10,2,3.14875601810035
storage.zip,raw_data\phase1_biscuit\achira_storage\storage.zip,achira_storage,Initial characterization_Achira biscuits.xlsx,Sheet1,31,294300f0da98882372525f5f070e7e07,Initial Characterization,10,3,3.2363141964595
storage.zip,raw_data\phase1_biscuit\achira_storage\storage.zip,achira_storage,Initial characterization_Achira biscuits.xlsx,Sheet1,32,e564c5bd536af1ad973f83e362ab2d29,Initial Characterization,11,1,3.07800790556085
storage.zip,raw_data\phase1_biscuit\achira_storage\storage.zip,achira_storage,Initial characterization_Achira biscuits.xlsx,Sheet1,33,86c48fc9e1253d449768ac6ed62160e0,Initial Characterization,11,2,3.25599266966831
storage.zip,raw_data\phase1_biscuit\achira_storage\storage.zip,achira_storage,Initial characterization_Achira biscuits.xlsx,Sheet1,34,9b85ddf2bbf3a66d399e046da396e6cc,Initial Characterization,11,3,3.08084912200457
storage.zip,raw_data\phase1_biscuit\achira_storage\storage.zip,achira_storage,Initial characterization_Achira biscuits.xlsx,Sheet1,35,a3f12d8d0fdc6d5d60e57d64a394c57c,Initial Characterization,12,1,3.25337852751197
storage.zip,raw_data\phase1_biscuit\achira_storage\storage.zip,achira_storage,Initial characterization_Achira biscuits.xlsx,Sheet1,36,b6efae4cf7dac7cac9bf4286724d6c65,Initial Characterization,12,2,3.15957368699832
storage.zip,raw_data\phase1_biscuit\achira_storage\storage.zip,achira_storage,Initial characterization_Achira biscuits.xlsx,Sheet1,37,643935d8b4bcbdfa268badb78340fabe,Initial Characterization,12,3,3.16671401925361
storage.zip,raw_data\phase1_biscuit\achira_storage\storage.zip,achira_storage,Initial characterization_Achira biscuits.xlsx,Sheet1,38,0b4d3beebaa1590ce444cb037e84df0a,Initial Characterization,13,1,3.20756696357919
storage.zip,raw_data\phase1_biscuit\achira_storage\storage.zip,achira_storage,Initial characterization_Achira biscuits.xlsx,Sheet1,39,f0aa6bd3e3d9b939187bc644dff8f52d,Initial Characterization,13,2,3.27305750054958
storage.zip,raw_data\phase1_biscuit\achira_storage\storage.zip,achira_storage,Initial characterization_Achira biscuits.xlsx,Sheet1,40,f168a3aea57b5834b89af137e2b8b58a,Initial Characterization,13,3,2.97009352732852
storage.zip,raw_data\phase1_biscuit\achira_storage\storage.zip,achira_storage,Initial characterization_Achira biscuits.xlsx,Sheet1,41,992cbd7dda7c36608557d04a70ab38a0,Initial Characterization,14,1,3.2660418569297
storage.zip,raw_data\phase1_biscuit\achira_storage\storage.zip,achira_storage,Initial characterization_Achira biscuits.xlsx,Sheet1,42,c05956333ad2305f3f1bf24c0697e056,Initial Characterization,14,2,3.13693762863013
storage.zip,raw_data\phase1_biscuit\achira_storage\storage.zip,achira_storage,Initial characterization_Achira biscuits.xlsx,Sheet1,43,8e279a4f3c02dcb70fcc5def67a4c47b,Initial Characterization,14,3,3.2022671342252
storage.zip,raw_data\phase1_biscuit\achira_storage\storage.zip,achira_storage,Initial characterization_Achira biscuits.xlsx,Sheet1,44,b1ff3269a4e53adb5ee45ff0b49024ac,Initial Characterization,15,1,3.08634802507137
storage.zip,raw_data\phase1_biscuit\achira_storage\storage.zip,achira_storage,Initial characterization_Achira biscuits.xlsx,Sheet1,45,3bd6b96799a329da9dd8ef4ab48735c7,Initial Characterization,15,2,3.35122610068254
storage.zip,raw_data\phase1_biscuit\achira_storage\storage.zip,achira_storage,Initial characterization_Achira biscuits.xlsx,Sheet1,46,e77eae41d2cb9d9c012dd06f56e0a6da,Initial Characterization,15,3,3.31100809659444
storage.zip,raw_data\phase1_biscuit\achira_storage\storage.zip,achira_storage,Initial characterization_Achira biscuits.xlsx,Sheet1,47,1c78e02f97d509f31d7303dcb9a3aea9,Initial Characterization,16,1,3.17261868151103
storage.zip,raw_data\phase1_biscuit\achira_storage\storage.zip,achira_storage,Initial characterization_Achira biscuits.xlsx,Sheet1,48,45de00b58ee60fdb2f39a6e0ddaf6f4b,Initial Characterization,16,2,3.31202101361432
storage.zip,raw_data\phase1_biscuit\achira_storage\storage.zip,achira_storage,Initial characterization_Achira biscuits.xlsx,Sheet1,49,8755f3ad69c3bfcdfd96d6df01dc5712,Initial Characterization,16,3,3.26850215509076
storage.zip,raw_data\phase1_biscuit\achira_storage\storage.zip,achira_storage,Initial characterization_Achira biscuits.xlsx,Sheet1,50,1011a0dadd6c41f3f69cc869b78f4a6f,Initial Characterization,17,1,3.07186696387715
storage.zip,raw_data\phase1_biscuit\achira_storage\storage.zip,achira_storage,Initial characterization_Achira biscuits.xlsx,Sheet1,51,b85176436e358bc94babdb94d94351db,Initial Characterization,17,2,3.18336441866133
storage.zip,raw_data\phase1_biscuit\achira_storage\storage.zip,achira_storage,Initial characterization_Achira biscuits.xlsx,Sheet1,52,b6adbd0ad2cec3efa3b8634d56049c2d,Initial Characterization,17,3,3.29911648222522
storage.zip,raw_data\phase1_biscuit\achira_storage\storage.zip,achira_storage,Initial characterization_Achira biscuits.xlsx,Sheet1,53,43136f1d27e52f85a9a49e17d21b63d7,Initial Characterization,18,1,3.31968480999567
storage.zip,raw_data\phase1_biscuit\achira_storage\storage.zip,achira_storage,Initial characterization_Achira biscuits.xlsx,Sheet1,54,bbed0538801ed2ec303099a7130d3950,Initial Characterization,18,2,3.11772787469336
storage.zip,raw_data\phase1_biscuit\achira_storage\storage.zip,achira_storage,Initial characterization_Achira biscuits.xlsx,Sheet1,55,d107eaf1c8f6bf8121f15016c7756689,Initial Characterization,18,3,3.34130575202653
storage.zip,raw_data\phase1_biscuit\achira_storage\storage.zip,achira_storage,Initial characterization_Achira biscuits.xlsx,Sheet1,56,0ffbfd1da0a2182809cb14dba703cdec,Initial Characterization,19,1,3.24159005873261
storage.zip,raw_data\phase1_biscuit\achira_storage\storage.zip,achira_storage,Initial characterization_Achira biscuits.xlsx,Sheet1,57,6dab864dd4647517cb5bba95830778e9,Initial Characterization,19,2,3.03916605417237
storage.zip,raw_data\phase1_biscuit\achira_storage\storage.zip,achira_storage,Initial characterization_Achira biscuits.xlsx,Sheet1,58,d7b5966a308d54378b9e911827ff187c,Initial Characterization,19,3,3.21638503515176
storage.zip,raw_data\phase1_biscuit\achira_storage\storage.zip,achira_storage,Initial characterization_Achira biscuits.xlsx,Sheet1,59,d4e29479f60b8a83807a3930707f9f4c,Initial Characterization,20,1,3.26945604234089
storage.zip,raw_data\phase1_biscuit\achira_storage\storage.zip,achira_storage,Initial characterization_Achira biscuits.xlsx,Sheet1,60,7f8578568c32bf53ea2230672bb029b0,Initial Characterization,20,2,3.12760236881576
storage.zip,raw_data\phase1_biscuit\achira_storage\storage.zip,achira_storage,Initial characterization_Achira biscuits.xlsx,Sheet1,61,acf8f246087acbe4846829f1c58d69e3,Initial Characterization,20,3,3.15122811784386
storage.zip,raw_data\phase1_biscuit\achira_storage\storage.zip,achira_storage,Initial characterization_Achira biscuits.xlsx,Sheet1,62,c359adbda763fc6a9a3c3ba06e3c4a59,Initial Characterization,21,1,3.08929790172325
storage.zip,raw_data\phase1_biscuit\achira_storage\storage.zip,achira_storage,Initial characterization_Achira biscuits.xlsx,Sheet1,63,fc6a60b5d788a462843918f7302e08e3,Initial Characterization,21,2,3.30624742665181
storage.zip,raw_data\phase1_biscuit\achira_storage\storage.zip,achira_storage,Initial characterization_Achira biscuits.xlsx,Sheet1,64,e2fc7c1390e5d03c2d84b2e832204c45,Initial Characterization,21,3,3.1923098261438
storage.zip,raw_data\phase1_biscuit\achira_storage\storage.zip,achira_storage,Initial characterization_Achira biscuits.xlsx,Sheet1,65,b0b5f7d7dfb615a5ce303d80bd202e8d,Initial Characterization,22,1,3.32143378582862
storage.zip,raw_data\phase1_biscuit\achira_storage\storage.zip,achira_storage,Initial characterization_Achira biscuits.xlsx,Sheet1,66,2d2a325c265102a58a333931c914567c,Initial Characterization,22,2,3.26650629815582
storage.zip,raw_data\phase1_biscuit\achira_storage\storage.zip,achira_storage,Initial characterization_Achira biscuits.xlsx,Sheet1,67,da35d8fa7646512ef0984e988367c7d3,Initial Characterization,22,3,3.19896023414731
storage.zip,raw_data\phase1_biscuit\achira_storage\storage.zip,achira_storage,Initial characterization_Achira biscuits.xlsx,Sheet1,68,2b99bb99dd4d708e7dee2593312fb79c,Initial Characterization,23,1,3.04485591908002
storage.zip,raw_data\phase1_biscuit\achira_storage\storage.zip,achira_storage,Initial characterization_Achira biscuits.xlsx,Sheet1,69,370d1f62d8ac91237e13ff2d37ece0bb,Initial Characterization,23,2,3.19137298639127
storage.zip,raw_data\phase1_biscuit\achira_storage\storage.zip,achira_storage,Initial characterization_Achira biscuits.xlsx,Sheet1,70,f41d04096b7a0f796ad9792905fd928f,Initial Characterization,23,3,3.27681256438456
storage.zip,raw_data\phase1_biscuit\achira_storage\storage.zip,achira_storage,Initial characterization_Achira biscuits.xlsx,Sheet1,71,199e86f3e241a4b0879fed70f19ba026,Initial Characterization,24,1,3.23312405784513
storage.zip,raw_data\phase1_biscuit\achira_storage\storage.zip,achira_storage,Initial characterization_Achira biscuits.xlsx,Sheet1,72,f116a3fd1c3528a193763571ca73e1ad,Initial Characterization,24,2,3.2190419888648
storage.zip,raw_data\phase1_biscuit\achira_storage\storage.zip,achira_storage,Initial characterization_Achira biscuits.xlsx,Sheet1,73,d973f7fdf1ce141cfcc14e1ff51ebd2b,Initial Characterization,24,3,3.13775022307136
storage.zip,raw_data\phase1_biscuit\achira_storage\storage.zip,achira_storage,Initial characterization_Achira biscuits.xlsx,Sheet1,74,76f1322fd9f7f0c9003f1d0d6ecee31e,Initial Characterization,25,1,3.32103897106133
storage.zip,raw_data\phase1_biscuit\achira_storage\storage.zip,achira_storage,Initial characterization_Achira biscuits.xlsx,Sheet1,75,536503609f7fb994a6811ab494c8c69d,Initial Characterization,25,2,3.16787848743622
storage.zip,raw_data\phase1_biscuit\achira_storage\storage.zip,achira_storage,Initial characterization_Achira biscuits.xlsx,Sheet1,76,43625fd895b0e79c0c23177691f713ed,Initial Characterization,25,3,3.32121889824323
storage.zip,raw_data\phase1_biscuit\achira_storage\storage.zip,achira_storage,Initial characterization_Achira biscuits.xlsx,Sheet1,77,248fdbe3530cbe1c64b84326c48bbed7,Initial Characterization,26,1,3.13105312007997
storage.zip,raw_data\phase1_biscuit\achira_storage\storage.zip,achira_storage,Initial characterization_Achira biscuits.xlsx,Sheet1,78,8885b1019c4940b4e99b431f6bae87ad,Initial Characterization,26,2,3.26838697730537
storage.zip,raw_data\phase1_biscuit\achira_storage\storage.zip,achira_storage,Initial characterization_Achira biscuits.xlsx,Sheet1,79,4acb47340b512059526a3c1dfa9d633b,Initial Characterization,26,3,3.33112889223504
storage.zip,raw_data\phase1_biscuit\achira_storage\storage.zip,achira_storage,Initial characterization_Achira biscuits.xlsx,Sheet1,80,b9cc184fd49f492a6e2b2ea7ecdb6dc5,Initial Characterization,27,1,3.20010464324658
storage.zip,raw_data\phase1_biscuit\achira_storage\storage.zip,achira_storage,Initial characterization_Achira biscuits.xlsx,Sheet1,81,565070b241eacde440405ec78c111951,Initial Characterization,27,2,3.00783897952521
storage.zip,raw_data\phase1_biscuit\achira_storage\storage.zip,achira_storage,Initial characterization_Achira biscuits.xlsx,Sheet1,82,3606f36941e5db49dba918cbd09b33b2,Initial Characterization,27,3,3.17141957062163
Experimental water adsorption isotherms and Attenuated Total Reflectance-Fourier Transform Infrared (ATR-FTIR) analysis in Achira (Canna edulis K.) biscuits.zip,raw_data\phase1_biscuit\achira_water_adsorption\Experimental water adsorption isotherms and Attenuated Total Reflectance-Fourier Transform Infrared (ATR-FTIR) analysis in Achira (Canna edulis K.) biscuits.zip,achira_water_adsorption,Initial characterization_Achira biscuits.xlsx,Sheet1,2,bb178370958c3c35f6589acebfe0b13c,Initial Characterization,1,1,2.0742379261501362
Experimental water adsorption isotherms and Attenuated Total Reflectance-Fourier Transform Infrared (ATR-FTIR) analysis in Achira (Canna edulis K.) biscuits.zip,raw_data\phase1_biscuit\achira_water_adsorption\Experimental water adsorption isotherms and Attenuated Total Reflectance-Fourier Transform Infrared (ATR-FTIR) analysis in Achira (Canna edulis K.) biscuits.zip,achira_water_adsorption,Initial characterization_Achira biscuits.xlsx,Sheet1,3,b0e7a405e91cd42eafd092211fa2ab7f,Initial Characterization,1,2,2.0738404019161214
Experimental water adsorption isotherms and Attenuated Total Reflectance-Fourier Transform Infrared (ATR-FTIR) analysis in Achira (Canna edulis K.) biscuits.zip,raw_data\phase1_biscuit\achira_water_adsorption\Experimental water adsorption isotherms and Attenuated Total Reflectance-Fourier Transform Infrared (ATR-FTIR) analysis in Achira (Canna edulis K.) biscuits.zip,achira_water_adsorption,Initial characterization_Achira biscuits.xlsx,Sheet1,4,8f041beabcfe927009f451d305f872bd,Initial Characterization,1,3,2.1083466630692427
Experimental water adsorption isotherms and Attenuated Total Reflectance-Fourier Transform Infrared (ATR-FTIR) analysis in Achira (Canna edulis K.) biscuits.zip,raw_data\phase1_biscuit\achira_water_adsorption\Experimental water adsorption isotherms and Attenuated Total Reflectance-Fourier Transform Infrared (ATR-FTIR) analysis in Achira (Canna edulis K.) biscuits.zip,achira_water_adsorption,Initial characterization_Achira biscuits.xlsx,Sheet1,5,d36d0cb2e6005090255f2c5901dc79ab,Initial Characterization,1,4,2.091799002807092
Experimental water adsorption isotherms and Attenuated Total Reflectance-Fourier Transform Infrared (ATR-FTIR) analysis in Achira (Canna edulis K.) biscuits.zip,raw_data\phase1_biscuit\achira_water_adsorption\Experimental water adsorption isotherms and Attenuated Total Reflectance-Fourier Transform Infrared (ATR-FTIR) analysis in Achira (Canna edulis K.) biscuits.zip,achira_water_adsorption,Initial characterization_Achira biscuits.xlsx,Sheet1,6,b5682f2f4307ec6ce30322e0e1b90558,Initial Characterization,1,5,2.130988453845082
Experimental water adsorption isotherms and Attenuated Total Reflectance-Fourier Transform Infrared (ATR-FTIR) analysis in Achira (Canna edulis K.) biscuits.zip,raw_data\phase1_biscuit\achira_water_adsorption\Experimental water adsorption isotherms and Attenuated Total Reflectance-Fourier Transform Infrared (ATR-FTIR) analysis in Achira (Canna edulis K.) biscuits.zip,achira_water_adsorption,Initial characterization_Achira biscuits.xlsx,Sheet1,7,2365c5f68ef71772fd0fafe2e7d38050,Initial Characterization,2,1,2.2921559417566746
Experimental water adsorption isotherms and Attenuated Total Reflectance-Fourier Transform Infrared (ATR-FTIR) analysis in Achira (Canna edulis K.) biscuits.zip,raw_data\phase1_biscuit\achira_water_adsorption\Experimental water adsorption isotherms and Attenuated Total Reflectance-Fourier Transform Infrared (ATR-FTIR) analysis in Achira (Canna edulis K.) biscuits.zip,achira_water_adsorption,Initial characterization_Achira biscuits.xlsx,Sheet1,8,9228196b644340f1c17ed4401659f56c,Initial Characterization,2,2,1.9975211733113039
Experimental water adsorption isotherms and Attenuated Total Reflectance-Fourier Transform Infrared (ATR-FTIR) analysis in Achira (Canna edulis K.) biscuits.zip,raw_data\phase1_biscuit\achira_water_adsorption\Experimental water adsorption isotherms and Attenuated Total Reflectance-Fourier Transform Infrared (ATR-FTIR) analysis in Achira (Canna edulis K.) biscuits.zip,achira_water_adsorption,Initial characterization_Achira biscuits.xlsx,Sheet1,9,c041d2508816f2895b1f3a30f5b07bea,Initial Characterization,2,3,2.1654782944319044
Experimental water adsorption isotherms and Attenuated Total Reflectance-Fourier Transform Infrared (ATR-FTIR) analysis in Achira (Canna edulis K.) biscuits.zip,raw_data\phase1_biscuit\achira_water_adsorption\Experimental water adsorption isotherms and Attenuated Total Reflectance-Fourier Transform Infrared (ATR-FTIR) analysis in Achira (Canna edulis K.) biscuits.zip,achira_water_adsorption,Initial characterization_Achira biscuits.xlsx,Sheet1,10,502e89e560e4eab0a1c214d8be547ba1,Initial Characterization,2,4,2.050303485515925
Experimental water adsorption isotherms and Attenuated Total Reflectance-Fourier Transform Infrared (ATR-FTIR) analysis in Achira (Canna edulis K.) biscuits.zip,raw_data\phase1_biscuit\achira_water_adsorption\Experimental water adsorption isotherms and Attenuated Total Reflectance-Fourier Transform Infrared (ATR-FTIR) analysis in Achira (Canna edulis K.) biscuits.zip,achira_water_adsorption,Initial characterization_Achira biscuits.xlsx,Sheet1,11,579902bc78587bf332cdddd72d3f0356,Initial Characterization,2,5,2.1407333994053626
Experimental water adsorption isotherms and Attenuated Total Reflectance-Fourier Transform Infrared (ATR-FTIR) analysis in Achira (Canna edulis K.) biscuits.zip,raw_data\phase1_biscuit\achira_water_adsorption\Experimental water adsorption isotherms and Attenuated Total Reflectance-Fourier Transform Infrared (ATR-FTIR) analysis in Achira (Canna edulis K.) biscuits.zip,achira_water_adsorption,Initial characterization_Achira biscuits.xlsx,Sheet1,12,e2d8e54396f3032c4c2312cd06db2b33,Initial Characterization,3,1,2.0292079987403464
Experimental water adsorption isotherms and Attenuated Total Reflectance-Fourier Transform Infrared (ATR-FTIR) analysis in Achira (Canna edulis K.) biscuits.zip,raw_data\phase1_biscuit\achira_water_adsorption\Experimental water adsorption isotherms and Attenuated Total Reflectance-Fourier Transform Infrared (ATR-FTIR) analysis in Achira (Canna edulis K.) biscuits.zip,achira_water_adsorption,Initial characterization_Achira biscuits.xlsx,Sheet1,13,4eeb8042004403fdb34b3c6153ae6c34,Initial Characterization,3,2,1.9355219418163188
Experimental water adsorption isotherms and Attenuated Total Reflectance-Fourier Transform Infrared (ATR-FTIR) analysis in Achira (Canna edulis K.) biscuits.zip,raw_data\phase1_biscuit\achira_water_adsorption\Experimental water adsorption isotherms and Attenuated Total Reflectance-Fourier Transform Infrared (ATR-FTIR) analysis in Achira (Canna edulis K.) biscuits.zip,achira_water_adsorption,Initial characterization_Achira biscuits.xlsx,Sheet1,14,8a95283abad22dfce319c9df386d8776,Initial Characterization,3,3,2.0786631342979303
Experimental water adsorption isotherms and Attenuated Total Reflectance-Fourier Transform Infrared (ATR-FTIR) analysis in Achira (Canna edulis K.) biscuits.zip,raw_data\phase1_biscuit\achira_water_adsorption\Experimental water adsorption isotherms and Attenuated Total Reflectance-Fourier Transform Infrared (ATR-FTIR) analysis in Achira (Canna edulis K.) biscuits.zip,achira_water_adsorption,Initial characterization_Achira biscuits.xlsx,Sheet1,15,4bc8f99160b60b7a4f3c5cb1d2c0fb85,Initial Characterization,3,4,2.0358130503854035
Experimental water adsorption isotherms and Attenuated Total Reflectance-Fourier Transform Infrared (ATR-FTIR) analysis in Achira (Canna edulis K.) biscuits.zip,raw_data\phase1_biscuit\achira_water_adsorption\Experimental water adsorption isotherms and Attenuated Total Reflectance-Fourier Transform Infrared (ATR-FTIR) analysis in Achira (Canna edulis K.) biscuits.zip,achira_water_adsorption,Initial characterization_Achira biscuits.xlsx,Sheet1,16,e086166e9bb9b033486a9ab0e36d406c,Initial Characterization,3,5,2.0264882630933845
Experimental water adsorption isotherms and Attenuated Total Reflectance-Fourier Transform Infrared (ATR-FTIR) analysis in Achira (Canna edulis K.) biscuits.zip,raw_data\phase1_biscuit\achira_water_adsorption\Experimental water adsorption isotherms and Attenuated Total Reflectance-Fourier Transform Infrared (ATR-FTIR) analysis in Achira (Canna edulis K.) biscuits.zip,achira_water_adsorption,Initial characterization_Achira biscuits.xlsx,Sheet1,17,082280e0bff9eab4141e3fc79f3a0d6e,Initial Characterization,4,1,2.1054991643226924
Experimental water adsorption isotherms and Attenuated Total Reflectance-Fourier Transform Infrared (ATR-FTIR) analysis in Achira (Canna edulis K.) biscuits.zip,raw_data\phase1_biscuit\achira_water_adsorption\Experimental water adsorption isotherms and Attenuated Total Reflectance-Fourier Transform Infrared (ATR-FTIR) analysis in Achira (Canna edulis K.) biscuits.zip,achira_water_adsorption,Initial characterization_Achira biscuits.xlsx,Sheet1,18,719ee38a7c0ca6df3da3ff6de1c7ee00,Initial Characterization,4,2,1.990753123686516
Experimental water adsorption isotherms and Attenuated Total Reflectance-Fourier Transform Infrared (ATR-FTIR) analysis in Achira (Canna edulis K.) biscuits.zip,raw_data\phase1_biscuit\achira_water_adsorption\Experimental water adsorption isotherms and Attenuated Total Reflectance-Fourier Transform Infrared (ATR-FTIR) analysis in Achira (Canna edulis K.) biscuits.zip,achira_water_adsorption,Initial characterization_Achira biscuits.xlsx,Sheet1,19,b3dd9d0595027f2108c843ed848e1cbf,Initial Characterization,4,3,2.0582622580519643
Experimental water adsorption isotherms and Attenuated Total Reflectance-Fourier Transform Infrared (ATR-FTIR) analysis in Achira (Canna edulis K.) biscuits.zip,raw_data\phase1_biscuit\achira_water_adsorption\Experimental water adsorption isotherms and Attenuated Total Reflectance-Fourier Transform Infrared (ATR-FTIR) analysis in Achira (Canna edulis K.) biscuits.zip,achira_water_adsorption,Initial characterization_Achira biscuits.xlsx,Sheet1,20,5ac3f6769a2c8ad310fd58212160e18e,Initial Characterization,4,4,1.8355115291767354
Experimental water adsorption isotherms and Attenuated Total Reflectance-Fourier Transform Infrared (ATR-FTIR) analysis in Achira (Canna edulis K.) biscuits.zip,raw_data\phase1_biscuit\achira_water_adsorption\Experimental water adsorption isotherms and Attenuated Total Reflectance-Fourier Transform Infrared (ATR-FTIR) analysis in Achira (Canna edulis K.) biscuits.zip,achira_water_adsorption,Initial characterization_Achira biscuits.xlsx,Sheet1,21,4aa8fbeda4c0818d522d79985e3c2ebd,Initial Characterization,4,5,1.9892914370578787
Experimental water adsorption isotherms and Attenuated Total Reflectance-Fourier Transform Infrared (ATR-FTIR) analysis in Achira (Canna edulis K.) biscuits.zip,raw_data\phase1_biscuit\achira_water_adsorption\Experimental water adsorption isotherms and Attenuated Total Reflectance-Fourier Transform Infrared (ATR-FTIR) analysis in Achira (Canna edulis K.) biscuits.zip,achira_water_adsorption,Initial characterization_Achira biscuits.xlsx,Sheet1,22,c20f5bd92f403fa05ce4305ee8a6d97c,Initial Characterization,5,1,2.0725599576530147
Experimental water adsorption isotherms and Attenuated Total Reflectance-Fourier Transform Infrared (ATR-FTIR) analysis in Achira (Canna edulis K.) biscuits.zip,raw_data\phase1_biscuit\achira_water_adsorption\Experimental water adsorption isotherms and Attenuated Total Reflectance-Fourier Transform Infrared (ATR-FTIR) analysis in Achira (Canna edulis K.) biscuits.zip,achira_water_adsorption,Initial characterization_Achira biscuits.xlsx,Sheet1,23,581ed629f9a536ae599bd2a722b951c5,Initial Characterization,5,2,2.066611501861828
Experimental water adsorption isotherms and Attenuated Total Reflectance-Fourier Transform Infrared (ATR-FTIR) analysis in Achira (Canna edulis K.) biscuits.zip,raw_data\phase1_biscuit\achira_water_adsorption\Experimental water adsorption isotherms and Attenuated Total Reflectance-Fourier Transform Infrared (ATR-FTIR) analysis in Achira (Canna edulis K.) biscuits.zip,achira_water_adsorption,Initial characterization_Achira biscuits.xlsx,Sheet1,24,49537e587398cad748a8d31bbc2ede68,Initial Characterization,5,3,2.0162325480361174
Experimental water adsorption isotherms and Attenuated Total Reflectance-Fourier Transform Infrared (ATR-FTIR) analysis in Achira (Canna edulis K.) biscuits.zip,raw_data\phase1_biscuit\achira_water_adsorption\Experimental water adsorption isotherms and Attenuated Total Reflectance-Fourier Transform Infrared (ATR-FTIR) analysis in Achira (Canna edulis K.) biscuits.zip,achira_water_adsorption,Initial characterization_Achira biscuits.xlsx,Sheet1,25,296e8806193926721b0c30add0d530d3,Initial Characterization,5,4,2.0364238410595807
Experimental water adsorption isotherms and Attenuated Total Reflectance-Fourier Transform Infrared (ATR-FTIR) analysis in Achira (Canna edulis K.) biscuits.zip,raw_data\phase1_biscuit\achira_water_adsorption\Experimental water adsorption isotherms and Attenuated Total Reflectance-Fourier Transform Infrared (ATR-FTIR) analysis in Achira (Canna edulis K.) biscuits.zip,achira_water_adsorption,Initial characterization_Achira biscuits.xlsx,Sheet1,26,5e00d483dafcf714ba898c1515a18a2d,Initial Characterization,5,5,1.9781383562162045
Experimental water adsorption isotherms and Attenuated Total Reflectance-Fourier Transform Infrared (ATR-FTIR) analysis in Achira (Canna edulis K.) biscuits.zip,raw_data\phase1_biscuit\achira_water_adsorption\Experimental water adsorption isotherms and Attenuated Total Reflectance-Fourier Transform Infrared (ATR-FTIR) analysis in Achira (Canna edulis K.) biscuits.zip,achira_water_adsorption,Initial characterization_Achira biscuits.xlsx,Sheet1,27,c1e01d675220daf25166448f011cc62a,Initial Characterization,6,1,1.8261037955073685
Experimental water adsorption isotherms and Attenuated Total Reflectance-Fourier Transform Infrared (ATR-FTIR) analysis in Achira (Canna edulis K.) biscuits.zip,raw_data\phase1_biscuit\achira_water_adsorption\Experimental water adsorption isotherms and Attenuated Total Reflectance-Fourier Transform Infrared (ATR-FTIR) analysis in Achira (Canna edulis K.) biscuits.zip,achira_water_adsorption,Initial characterization_Achira biscuits.xlsx,Sheet1,28,13f766e5bc145a96ca67cbd4b20f860f,Initial Characterization,6,2,2.0379536300422845
Experimental water adsorption isotherms and Attenuated Total Reflectance-Fourier Transform Infrared (ATR-FTIR) analysis in Achira (Canna edulis K.) biscuits.zip,raw_data\phase1_biscuit\achira_water_adsorption\Experimental water adsorption isotherms and Attenuated Total Reflectance-Fourier Transform Infrared (ATR-FTIR) analysis in Achira (Canna edulis K.) biscuits.zip,achira_water_adsorption,Initial characterization_Achira biscuits.xlsx,Sheet1,29,60e432bee80e8e0f9bd93b51e5400173,Initial Characterization,6,3,1.9799109454281896
Experimental water adsorption isotherms and Attenuated Total Reflectance-Fourier Transform Infrared (ATR-FTIR) analysis in Achira (Canna edulis K.) biscuits.zip,raw_data\phase1_biscuit\achira_water_adsorption\Experimental water adsorption isotherms and Attenuated Total Reflectance-Fourier Transform Infrared (ATR-FTIR) analysis in Achira (Canna edulis K.) biscuits.zip,achira_water_adsorption,Initial characterization_Achira biscuits.xlsx,Sheet1,30,4ab7fc2181a9b0584d650cfbe0eee01a,Initial Characterization,6,4,1.9237334083013826
Experimental water adsorption isotherms and Attenuated Total Reflectance-Fourier Transform Infrared (ATR-FTIR) analysis in Achira (Canna edulis K.) biscuits.zip,raw_data\phase1_biscuit\achira_water_adsorption\Experimental water adsorption isotherms and Attenuated Total Reflectance-Fourier Transform Infrared (ATR-FTIR) analysis in Achira (Canna edulis K.) biscuits.zip,achira_water_adsorption,Initial characterization_Achira biscuits.xlsx,Sheet1,31,fc4b6659cb9e376eb49171964212a29e,Initial Characterization,6,5,1.7689319997585138
Experimental water adsorption isotherms and Attenuated Total Reflectance-Fourier Transform Infrared (ATR-FTIR) analysis in Achira (Canna edulis K.) biscuits.zip,raw_data\phase1_biscuit\achira_water_adsorption\Experimental water adsorption isotherms and Attenuated Total Reflectance-Fourier Transform Infrared (ATR-FTIR) analysis in Achira (Canna edulis K.) biscuits.zip,achira_water_adsorption,Initial characterization_Achira biscuits.xlsx,Sheet1,32,ffeb6a9cbf293c7a0431543ce0fb3f83,Initial Characterization,7,1,2.179916563840413
Experimental water adsorption isotherms and Attenuated Total Reflectance-Fourier Transform Infrared (ATR-FTIR) analysis in Achira (Canna edulis K.) biscuits.zip,raw_data\phase1_biscuit\achira_water_adsorption\Experimental water adsorption isotherms and Attenuated Total Reflectance-Fourier Transform Infrared (ATR-FTIR) analysis in Achira (Canna edulis K.) biscuits.zip,achira_water_adsorption,Initial characterization_Achira biscuits.xlsx,Sheet1,33,03b0e15089ea0bfdc9726b338056a37e,Initial Characterization,7,2,1.9422129340261167
Experimental water adsorption isotherms and Attenuated Total Reflectance-Fourier Transform Infrared (ATR-FTIR) analysis in Achira (Canna edulis K.) biscuits.zip,raw_data\phase1_biscuit\achira_water_adsorption\Experimental water adsorption isotherms and Attenuated Total Reflectance-Fourier Transform Infrared (ATR-FTIR) analysis in Achira (Canna edulis K.) biscuits.zip,achira_water_adsorption,Initial characterization_Achira biscuits.xlsx,Sheet1,34,876825cca7e9935c44eeee42714f3ab1,Initial Characterization,7,3,2.2185921057630296
Experimental water adsorption isotherms and Attenuated Total Reflectance-Fourier Transform Infrared (ATR-FTIR) analysis in Achira (Canna edulis K.) biscuits.zip,raw_data\phase1_biscuit\achira_water_adsorption\Experimental water adsorption isotherms and Attenuated Total Reflectance-Fourier Transform Infrared (ATR-FTIR) analysis in Achira (Canna edulis K.) biscuits.zip,achira_water_adsorption,Initial characterization_Achira biscuits.xlsx,Sheet1,35,76328dc58db9ff0ecd05c54360948ddf,Initial Characterization,7,4,1.4175257731958633
Experimental water adsorption isotherms and Attenuated Total Reflectance-Fourier Transform Infrared (ATR-FTIR) analysis in Achira (Canna edulis K.) biscuits.zip,raw_data\phase1_biscuit\achira_water_adsorption\Experimental water adsorption isotherms and Attenuated Total Reflectance-Fourier Transform Infrared (ATR-FTIR) analysis in Achira (Canna edulis K.) biscuits.zip,achira_water_adsorption,Initial characterization_Achira biscuits.xlsx,Sheet1,36,4f28b8461a9c7cd2cbf93ac89906113a,Initial Characterization,7,5,1.943707691698654
Experimental water adsorption isotherms and Attenuated Total Reflectance-Fourier Transform Infrared (ATR-FTIR) analysis in Achira (Canna edulis K.) biscuits.zip,raw_data\phase1_biscuit\achira_water_adsorption\Experimental water adsorption isotherms and Attenuated Total Reflectance-Fourier Transform Infrared (ATR-FTIR) analysis in Achira (Canna edulis K.) biscuits.zip,achira_water_adsorption,Initial characterization_Achira biscuits.xlsx,Sheet1,37,ae9aa7a1db9a87c0adcedbbf2ba5ebb2,Initial Characterization,8,1,1.8838725652030268
Experimental water adsorption isotherms and Attenuated Total Reflectance-Fourier Transform Infrared (ATR-FTIR) analysis in Achira (Canna edulis K.) biscuits.zip,raw_data\phase1_biscuit\achira_water_adsorption\Experimental water adsorption isotherms and Attenuated Total Reflectance-Fourier Transform Infrared (ATR-FTIR) analysis in Achira (Canna edulis K.) biscuits.zip,achira_water_adsorption,Initial characterization_Achira biscuits.xlsx,Sheet1,38,59769e4489ebad6c110725bb0e10e32d,Initial Characterization,8,2,1.9945176335815429
Experimental water adsorption isotherms and Attenuated Total Reflectance-Fourier Transform Infrared (ATR-FTIR) analysis in Achira (Canna edulis K.) biscuits.zip,raw_data\phase1_biscuit\achira_water_adsorption\Experimental water adsorption isotherms and Attenuated Total Reflectance-Fourier Transform Infrared (ATR-FTIR) analysis in Achira (Canna edulis K.) biscuits.zip,achira_water_adsorption,Initial characterization_Achira biscuits.xlsx,Sheet1,39,260ed384117c442d7e0bddfc06c60122,Initial Characterization,8,3,1.6470814871893773
Experimental water adsorption isotherms and Attenuated Total Reflectance-Fourier Transform Infrared (ATR-FTIR) analysis in Achira (Canna edulis K.) biscuits.zip,raw_data\phase1_biscuit\achira_water_adsorption\Experimental water adsorption isotherms and Attenuated Total Reflectance-Fourier Transform Infrared (ATR-FTIR) analysis in Achira (Canna edulis K.) biscuits.zip,achira_water_adsorption,Initial characterization_Achira biscuits.xlsx,Sheet1,40,ed744e20e1865679c11a046480bce091,Initial Characterization,8,4,1.9815613026819823
Experimental water adsorption isotherms and Attenuated Total Reflectance-Fourier Transform Infrared (ATR-FTIR) analysis in Achira (Canna edulis K.) biscuits.zip,raw_data\phase1_biscuit\achira_water_adsorption\Experimental water adsorption isotherms and Attenuated Total Reflectance-Fourier Transform Infrared (ATR-FTIR) analysis in Achira (Canna edulis K.) biscuits.zip,achira_water_adsorption,Initial characterization_Achira biscuits.xlsx,Sheet1,41,b0ab842d8cb321e674e5d034ad11a78b,Initial Characterization,8,5,1.8711569002728499
Experimental water adsorption isotherms and Attenuated Total Reflectance-Fourier Transform Infrared (ATR-FTIR) analysis in Achira (Canna edulis K.) biscuits.zip,raw_data\phase1_biscuit\achira_water_adsorption\Experimental water adsorption isotherms and Attenuated Total Reflectance-Fourier Transform Infrared (ATR-FTIR) analysis in Achira (Canna edulis K.) biscuits.zip,achira_water_adsorption,Initial characterization_Achira biscuits.xlsx,Sheet1,42,d8b53d6389689e23a221707a0f8b880e,Initial Characterization,9,1,1.9278193134223292
Experimental water adsorption isotherms and Attenuated Total Reflectance-Fourier Transform Infrared (ATR-FTIR) analysis in Achira (Canna edulis K.) biscuits.zip,raw_data\phase1_biscuit\achira_water_adsorption\Experimental water adsorption isotherms and Attenuated Total Reflectance-Fourier Transform Infrared (ATR-FTIR) analysis in Achira (Canna edulis K.) biscuits.zip,achira_water_adsorption,Initial characterization_Achira biscuits.xlsx,Sheet1,43,351499a7f0c0131350fb73ca862ed98e,Initial Characterization,9,2,1.7914690045837438
Experimental water adsorption isotherms and Attenuated Total Reflectance-Fourier Transform Infrared (ATR-FTIR) analysis in Achira (Canna edulis K.) biscuits.zip,raw_data\phase1_biscuit\achira_water_adsorption\Experimental water adsorption isotherms and Attenuated Total Reflectance-Fourier Transform Infrared (ATR-FTIR) analysis in Achira (Canna edulis K.) biscuits.zip,achira_water_adsorption,Initial characterization_Achira biscuits.xlsx,Sheet1,44,61a485c2718fd771771b7654ce71cd7d,Initial Characterization,9,3,1.8204869158693522
Experimental water adsorption isotherms and Attenuated Total Reflectance-Fourier Transform Infrared (ATR-FTIR) analysis in Achira (Canna edulis K.) biscuits.zip,raw_data\phase1_biscuit\achira_water_adsorption\Experimental water adsorption isotherms and Attenuated Total Reflectance-Fourier Transform Infrared (ATR-FTIR) analysis in Achira (Canna edulis K.) biscuits.zip,achira_water_adsorption,Initial characterization_Achira biscuits.xlsx,Sheet1,45,6323029080efd407ce6d1c42d559879e,Initial Characterization,9,4,1.9104758784503266
Experimental water adsorption isotherms and Attenuated Total Reflectance-Fourier Transform Infrared (ATR-FTIR) analysis in Achira (Canna edulis K.) biscuits.zip,raw_data\phase1_biscuit\achira_water_adsorption\Experimental water adsorption isotherms and Attenuated Total Reflectance-Fourier Transform Infrared (ATR-FTIR) analysis in Achira (Canna edulis K.) biscuits.zip,achira_water_adsorption,Initial characterization_Achira biscuits.xlsx,Sheet1,46,cb33800799f1c67ccc45fd9457b06362,Initial Characterization,9,5,2.0436262071949867
