source_archive,source_archive_path,source_dataset,source_file,source_sheet,source_row,record_id,dataset_type,original_sample,storage_duration,L_star,a_star,b_star,storage_hardness,storage_moisture_content,storage_water_activity,sensory_quality
storage.zip,raw_data\phase1_biscuit\achira_storage\storage.zip,achira_storage,StorageAssesmentAchiraBiscuits.xlsx,Sheet1,3,284230cb498c7f2ff634d1d834725aa6,Storage Assessment,30,0,75.2446007067007,1.7074544098491,44.7920173687734,1830.58945995149,3.16679131196127,0.103209106419195,7.93822735766533
storage.zip,raw_data\phase1_biscuit\achira_storage\storage.zip,achira_storage,StorageAssesmentAchiraBiscuits.xlsx,Sheet1,4,42e4017c5b4807674bf699388510e298,Storage Assessment,22,0,75.205627207157,1.80986603295229,44.3146874595398,1758.63454752542,3.29248148067206,0.101536990868282,7.74861510973963
storage.zip,raw_data\phase1_biscuit\achira_storage\storage.zip,achira_storage,StorageAssesmentAchiraBiscuits.xlsx,Sheet1,5,9009b446e672adb5edfee10797230e46,Storage Assessment,12,0,75.2940151817351,1.9684279840052,44.162486853049,1846.45615509898,3.34470255204946,0.100173866946559,7.68235167054554
storage.zip,raw_data\phase1_biscuit\achira_storage\storage.zip,achira_storage,StorageAssesmentAchiraBiscuits.xlsx,Sheet1,6,258bcd0e969fff2d1791d6d76908a44e,Storage Assessment,17,0,75.2425315229894,1.82752593997461,44.4721856664741,1836.9897455435,3.25958321074886,0.103408718278191,7.85565315673627
storage.zip,raw_data\phase1_biscuit\achira_storage\storage.zip,achira_storage,StorageAssesmentAchiraBiscuits.xlsx,Sheet1,7,777a08d826c86d51dd0f969cae304b98,Storage Assessment,24,0,75.4441855299432,1.8353289379397,44.3716062048495,1807.57836887755,3.40532705562615,0.100047267710676,7.96137991886803
storage.zip,raw_data\phase1_biscuit\achira_storage\storage.zip,achira_storage,StorageAssesmentAchiraBiscuits.xlsx,Sheet1,8,795dd5d6ea6d3dd65e4573add49ca763,Storage Assessment,21,0,75.3235526729772,1.67996244368567,44.6379704033423,1846.66528141731,3.04707496583279,0.100580085639457,7.75294812332049
storage.zip,raw_data\phase1_biscuit\achira_storage\storage.zip,achira_storage,StorageAssesmentAchiraBiscuits.xlsx,Sheet1,9,da65c45d5386c4cba2868d50a7960668,Storage Assessment,5,0,75.4021376550411,1.81661286758919,44.6878318585389,1922.34718446074,3.20226875752016,0.0971602015874122,8.07295225338246
storage.zip,raw_data\phase1_biscuit\achira_storage\storage.zip,achira_storage,StorageAssesmentAchiraBiscuits.xlsx,Sheet1,10,6359d3bf4572210d3829e2e491e1ccfc,Storage Assessment,35,5,74.5860169467058,1.977616176392,44.1087102818511,2284.83606776796,3.409528481011,0.16142582067083,7.58682900762876
storage.zip,raw_data\phase1_biscuit\achira_storage\storage.zip,achira_storage,StorageAssesmentAchiraBiscuits.xlsx,Sheet1,11,d66fe324b2be28f95707be5d965fdfb3,Storage Assessment,18,5,74.5918448896941,1.76185645969502,44.0647168714645,2269.44924764432,3.56145263351328,0.155658042887001,7.3504481751267
storage.zip,raw_data\phase1_biscuit\achira_storage\storage.zip,achira_storage,StorageAssesmentAchiraBiscuits.xlsx,Sheet1,12,939e02695d8a4f6156f601e222934ab1,Storage Assessment,9,5,74.7258246751958,2.01282790202846,44.0632550170149,2221.62104100414,3.45012731719476,0.157035160020485,7.60036171833705
storage.zip,raw_data\phase1_biscuit\achira_storage\storage.zip,achira_storage,StorageAssesmentAchiraBiscuits.xlsx,Sheet1,13,4c6d18c6154cb700554938195b063e1e,Storage Assessment,23,5,74.7468534001996,2.14654395850331,44.1903276322662,2099.2891728534,3.36761597889093,0.162848138567896,7.71013919587231
storage.zip,raw_data\phase1_biscuit\achira_storage\storage.zip,achira_storage,StorageAssesmentAchiraBiscuits.xlsx,Sheet1,14,8d7f4f5c4f172e30426890dc1fac7b61,Storage Assessment,27,5,74.6032940856039,1.74420827815843,43.8839974462769,2174.49492950954,3.45542166100963,0.161053671923639,7.67544798440591
storage.zip,raw_data\phase1_biscuit\achira_storage\storage.zip,achira_storage,StorageAssesmentAchiraBiscuits.xlsx,Sheet1,15,a2a0030a7fe438afedf15832f6033f64,Storage Assessment,10,5,74.7692478145296,1.69333521797815,43.9652690737079,2259.23683370315,3.46424434553001,0.157383155281907,7.58052576796704
storage.zip,raw_data\phase1_biscuit\achira_storage\storage.zip,achira_storage,StorageAssesmentAchiraBiscuits.xlsx,Sheet1,16,45a4a91c9d2b967e92d905ec241e4a38,Storage Assessment,15,5,74.6475728558388,1.89274013345215,43.8304935342585,2112.63481598838,3.41826251144764,0.158805618485427,8.01744760862563
storage.zip,raw_data\phase1_biscuit\achira_storage\storage.zip,achira_storage,StorageAssesmentAchiraBiscuits.xlsx,Sheet1,17,a4a3696f65bc254238878b33d98dc3af,Storage Assessment,7,15,74.2368530218418,2.27591114402062,44.3919386059036,2789.65030321721,3.89725236248653,0.240512871766518,7.34673654841043
storage.zip,raw_data\phase1_biscuit\achira_storage\storage.zip,achira_storage,StorageAssesmentAchiraBiscuits.xlsx,Sheet1,18,72af71e53d30a990b66dc2161efb963e,Storage Assessment,16,15,74.4192000724233,2.19183358515602,44.3021531216855,2772.03615801915,4.20230809420052,0.240440050905471,7.57163648101369
storage.zip,raw_data\phase1_biscuit\achira_storage\storage.zip,achira_storage,StorageAssesmentAchiraBiscuits.xlsx,Sheet1,19,eaeca3090a903f1ecbb5f70dfe232702,Storage Assessment,2,15,74.3535685104861,2.18415267093563,44.2700659666257,2745.10259395217,3.75084581826439,0.236577118834895,7.47613968659851
storage.zip,raw_data\phase1_biscuit\achira_storage\storage.zip,achira_storage,StorageAssesmentAchiraBiscuits.xlsx,Sheet1,20,e7440dd125389ceb19a051554a588c0d,Storage Assessment,14,15,74.2907260215323,2.20064980365013,44.1278984156574,2769.47358427934,4.11094896351683,0.237588489517853,7.57517841589462
storage.zip,raw_data\phase1_biscuit\achira_storage\storage.zip,achira_storage,StorageAssesmentAchiraBiscuits.xlsx,Sheet1,21,69d4e40cd5032a4bceb0a86b13ada677,Storage Assessment,34,15,74.2402259582355,2.09353921983651,44.3183431871122,2735.88266014743,3.9448668524609,0.236454172699012,7.53676723496118
storage.zip,raw_data\phase1_biscuit\achira_storage\storage.zip,achira_storage,StorageAssesmentAchiraBiscuits.xlsx,Sheet1,22,4d324e8d5de37cd798bbd75391745698,Storage Assessment,3,15,74.1461617999033,2.03560849265503,44.2740267703291,2730.33137716224,4.06448890871635,0.239855016715655,7.765674936623
storage.zip,raw_data\phase1_biscuit\achira_storage\storage.zip,achira_storage,StorageAssesmentAchiraBiscuits.xlsx,Sheet1,23,e24f096d7f9587396271b3a025c33a07,Storage Assessment,4,15,74.1884784511694,2.35815498280031,44.1645211053521,2731.940290621,4.23985574807153,0.236557770305263,7.46178837339757
storage.zip,raw_data\phase1_biscuit\achira_storage\storage.zip,achira_storage,StorageAssesmentAchiraBiscuits.xlsx,Sheet1,24,30699484a260d83b2fcda68733ea7805,Storage Assessment,33,20,75.5822000055303,1.02926141403548,43.584255799949,2883.73387850844,4.14865250431707,0.251403762458851,6.50586818186849
storage.zip,raw_data\phase1_biscuit\achira_storage\storage.zip,achira_storage,StorageAssesmentAchiraBiscuits.xlsx,Sheet1,25,f73eab82bb2d6a9ff2771c003aec45d4,Storage Assessment,32,20,75.197849334194,0.881239142167764,43.6238013640215,2778.6854718604,4.39171796431234,0.247989064010493,6.69022592120262
storage.zip,raw_data\phase1_biscuit\achira_storage\storage.zip,achira_storage,StorageAssesmentAchiraBiscuits.xlsx,Sheet1,26,2fbfdae684250c481dfa99107faa8b62,Storage Assessment,1,20,75.3363022539277,1.10759367365656,43.6749700412826,2515.96198388837,4.27784105635415,0.247787146356419,6.88679650737292
storage.zip,raw_data\phase1_biscuit\achira_storage\storage.zip,achira_storage,StorageAssesmentAchiraBiscuits.xlsx,Sheet1,27,ba01522778ce3f5749e9f06e51bff43d,Storage Assessment,26,20,75.381119677584,0.870262839873231,43.5351236914639,2737.92655079314,4.17535448898562,0.253581119806884,6.29909455252341
storage.zip,raw_data\phase1_biscuit\achira_storage\storage.zip,achira_storage,StorageAssesmentAchiraBiscuits.xlsx,Sheet1,28,bee90da677fde1f2fbd460c982caeb3d,Storage Assessment,8,20,75.4148275041945,0.987822977016923,43.6818009382731,2808.18487107357,4.10964683461092,0.254324768311953,7.02995055715762
storage.zip,raw_data\phase1_biscuit\achira_storage\storage.zip,achira_storage,StorageAssesmentAchiraBiscuits.xlsx,Sheet1,29,844bc0c9cc4230840486e0393c5f9f0a,Storage Assessment,28,20,75.2216119956036,1.07407715388786,43.761568722972,2886.85138734673,4.15040977418406,0.248361444964636,6.49432513888429
storage.zip,raw_data\phase1_biscuit\achira_storage\storage.zip,achira_storage,StorageAssesmentAchiraBiscuits.xlsx,Sheet1,30,6cad99c7fe6b3511d331ffc5289772cf,Storage Assessment,11,20,75.4529067547952,0.915928237437764,43.6623325729133,2930.17341111224,4.23744947861513,0.249925900820538,6.79954654528664
storage.zip,raw_data\phase1_biscuit\achira_storage\storage.zip,achira_storage,StorageAssesmentAchiraBiscuits.xlsx,Sheet1,31,20e239d96343299f538c40a8312c6662,Storage Assessment,20,30,75.2729731861474,1.26505291962738,44.0301964730414,3174.50241803211,4.96294679008189,0.335889011977177,6.8599130064505
storage.zip,raw_data\phase1_biscuit\achira_storage\storage.zip,achira_storage,StorageAssesmentAchiraBiscuits.xlsx,Sheet1,32,ac48232fc8d1955c49aab81d76bc9487,Storage Assessment,25,30,75.1059865076601,1.30296319567228,44.130412243003,3334.52160181332,5.2615062007675,0.32837920088737,6.91461867536914
storage.zip,raw_data\phase1_biscuit\achira_storage\storage.zip,achira_storage,StorageAssesmentAchiraBiscuits.xlsx,Sheet1,33,a4d35dd7a736784864ea5316ffeeefbe,Storage Assessment,13,30,75.1740713050404,1.49523734604633,44.2101079919082,3285.36452210376,5.22794649818262,0.33515251137824,6.54652820687241
storage.zip,raw_data\phase1_biscuit\achira_storage\storage.zip,achira_storage,StorageAssesmentAchiraBiscuits.xlsx,Sheet1,34,c501be766601681d77897da1f10d14b8,Storage Assessment,29,30,75.0786455166428,1.34590235319408,44.0553392028962,3243.41289481254,5.28188650882583,0.332459424844539,6.65486298994221
storage.zip,raw_data\phase1_biscuit\achira_storage\storage.zip,achira_storage,StorageAssesmentAchiraBiscuits.xlsx,Sheet1,35,9c6bd3c90694f816548456425b412073,Storage Assessment,31,30,75.3624549666833,1.26006880695317,44.0533287751232,3265.32548472865,5.40475065420511,0.330166562501227,6.61752662528929
storage.zip,raw_data\phase1_biscuit\achira_storage\storage.zip,achira_storage,StorageAssesmentAchiraBiscuits.xlsx,Sheet1,36,061941a9877d0f0bb98d24b468c9d6ea,Storage Assessment,6,30,75.237351240829,1.27746153566533,43.9564179352088,3260.35943626104,5.16762556488295,0.328940623994355,6.52886778278652
storage.zip,raw_data\phase1_biscuit\achira_storage\storage.zip,achira_storage,StorageAssesmentAchiraBiscuits.xlsx,Sheet1,37,5617d90aea2c8c233b9136021c9b0aad,Storage Assessment,19,30,75.1749108205307,1.27197170571268,44.0022283891449,3276.19375805269,5.10194577070651,0.335079447861139,6.7043419528018
